<?xml version="1.0" encoding="UTF-8"?>
<fof>
    <common>
        <container>
            <option name="componentNamespace">Majem\Flota</option>
            <option name="factoryClass">FOF30\Factory\BasicFactory</option>
            <option name="scaffolding">0</option>
            <option name="saveScaffolding">0</option>
        </container>
    </common>

    <backend>
        <model name="Articles">
            <behaviors>Filters</behaviors>
        </model>
        <model name="Categories">
            <behaviors>Filters</behaviors>
        </model>
    </backend>

    <frontend>
        <container>
            <option name="scaffolding">0</option>
        </container>
    </frontend>
</fof>